-- Subscriber Statistics Inserts Oct
INSERT INTO subscriber_statistics (record_time, subscriber_count) VALUES ('2024-10-28 00:00:00', 983);
INSERT INTO subscriber_statistics (record_time, subscriber_count) VALUES ('2024-10-28 01:00:00', 23);
INSERT INTO subscriber_statistics (record_time, subscriber_count) VALUES ('2024-10-28 02:00:00', 202);
INSERT INTO subscriber_statistics (record_time, subscriber_count) VALUES ('2024-10-28 03:00:00', 689);
INSERT INTO subscriber_statistics (record_time, subscriber_count) VALUES ('2024-10-28 04:00:00', 668);
INSERT INTO subscriber_statistics (record_time, subscriber_count) VALUES ('2024-10-28 05:00:00', 348);
INSERT INTO subscriber_statistics (record_time, subscriber_count) VALUES ('2024-10-28 06:00:00', 583);
INSERT INTO subscriber_statistics (record_time, subscriber_count) VALUES ('2024-10-28 07:00:00', 777);
INSERT INTO subscriber_statistics (record_time, subscriber_count) VALUES ('2024-10-28 08:00:00', 671);
INSERT INTO subscriber_statistics (record_time, subscriber_count) VALUES ('2024-10-28 09:00:00', 777);
INSERT INTO subscriber_statistics (record_time, subscriber_count) VALUES ('2024-10-28 10:00:00', 412);
INSERT INTO subscriber_statistics (record_time, subscriber_count) VALUES ('2024-10-28 11:00:00', 527);
INSERT INTO subscriber_statistics (record_time, subscriber_count) VALUES ('2024-10-28 12:00:00', 623);
INSERT INTO subscriber_statistics (record_time, subscriber_count) VALUES ('2024-10-28 13:00:00', 827);
INSERT INTO subscriber_statistics (record_time, subscriber_count) VALUES ('2024-10-28 14:00:00', 279);
INSERT INTO subscriber_statistics (record_time, subscriber_count) VALUES ('2024-10-28 15:00:00', 793);
INSERT INTO subscriber_statistics (record_time, subscriber_count) VALUES ('2024-10-28 16:00:00', 474);
INSERT INTO subscriber_statistics (record_time, subscriber_count) VALUES ('2024-10-28 17:00:00', 166);
INSERT INTO subscriber_statistics (record_time, subscriber_count) VALUES ('2024-10-28 18:00:00', 473);
INSERT INTO subscriber_statistics (record_time, subscriber_count) VALUES ('2024-10-28 19:00:00', 17);
INSERT INTO subscriber_statistics (record_time, subscriber_count) VALUES ('2024-10-28 20:00:00', 214);
INSERT INTO subscriber_statistics (record_time, subscriber_count) VALUES ('2024-10-28 21:00:00', 894);
INSERT INTO subscriber_statistics (record_time, subscriber_count) VALUES ('2024-10-28 22:00:00', 3);
INSERT INTO subscriber_statistics (record_time, subscriber_count) VALUES ('2024-10-28 23:00:00', 638);
INSERT INTO subscriber_statistics (record_time, subscriber_count) VALUES ('2024-10-29 00:00:00', 185);
INSERT INTO subscriber_statistics (record_time, subscriber_count) VALUES ('2024-10-29 01:00:00', 872);
INSERT INTO subscriber_statistics (record_time, subscriber_count) VALUES ('2024-10-29 02:00:00', 359);
INSERT INTO subscriber_statistics (record_time, subscriber_count) VALUES ('2024-10-29 03:00:00', 501);
INSERT INTO subscriber_statistics (record_time, subscriber_count) VALUES ('2024-10-29 04:00:00', 531);
INSERT INTO subscriber_statistics (record_time, subscriber_count) VALUES ('2024-10-29 05:00:00', 890);
INSERT INTO subscriber_statistics (record_time, subscriber_count) VALUES ('2024-10-29 06:00:00', 511);
INSERT INTO subscriber_statistics (record_time, subscriber_count) VALUES ('2024-10-29 07:00:00', 413);
INSERT INTO subscriber_statistics (record_time, subscriber_count) VALUES ('2024-10-29 08:00:00', 630);
INSERT INTO subscriber_statistics (record_time, subscriber_count) VALUES ('2024-10-29 09:00:00', 552);
INSERT INTO subscriber_statistics (record_time, subscriber_count) VALUES ('2024-10-29 10:00:00', 337);
INSERT INTO subscriber_statistics (record_time, subscriber_count) VALUES ('2024-10-29 11:00:00', 608);
INSERT INTO subscriber_statistics (record_time, subscriber_count) VALUES ('2024-10-29 12:00:00', 173);
INSERT INTO subscriber_statistics (record_time, subscriber_count) VALUES ('2024-10-29 13:00:00', 546);
INSERT INTO subscriber_statistics (record_time, subscriber_count) VALUES ('2024-10-29 14:00:00', 787);
INSERT INTO subscriber_statistics (record_time, subscriber_count) VALUES ('2024-10-29 15:00:00', 709);
INSERT INTO subscriber_statistics (record_time, subscriber_count) VALUES ('2024-10-29 16:00:00', 469);
INSERT INTO subscriber_statistics (record_time, subscriber_count) VALUES ('2024-10-29 17:00:00', 17);
INSERT INTO subscriber_statistics (record_time, subscriber_count) VALUES ('2024-10-29 18:00:00', 69);
INSERT INTO subscriber_statistics (record_time, subscriber_count) VALUES ('2024-10-29 19:00:00', 475);
INSERT INTO subscriber_statistics (record_time, subscriber_count) VALUES ('2024-10-29 20:00:00', 974);
INSERT INTO subscriber_statistics (record_time, subscriber_count) VALUES ('2024-10-29 21:00:00', 867);
INSERT INTO subscriber_statistics (record_time, subscriber_count) VALUES ('2024-10-29 22:00:00', 110);
INSERT INTO subscriber_statistics (record_time, subscriber_count) VALUES ('2024-10-29 23:00:00', 675);
INSERT INTO subscriber_statistics (record_time, subscriber_count) VALUES ('2024-10-30 00:00:00', 169);
INSERT INTO subscriber_statistics (record_time, subscriber_count) VALUES ('2024-10-30 01:00:00', 594);
INSERT INTO subscriber_statistics (record_time, subscriber_count) VALUES ('2024-10-30 02:00:00', 411);
INSERT INTO subscriber_statistics (record_time, subscriber_count) VALUES ('2024-10-30 03:00:00', 824);
INSERT INTO subscriber_statistics (record_time, subscriber_count) VALUES ('2024-10-30 04:00:00', 67);
INSERT INTO subscriber_statistics (record_time, subscriber_count) VALUES ('2024-10-30 05:00:00', 319);
INSERT INTO subscriber_statistics (record_time, subscriber_count) VALUES ('2024-10-30 06:00:00', 475);
INSERT INTO subscriber_statistics (record_time, subscriber_count) VALUES ('2024-10-30 07:00:00', 748);
INSERT INTO subscriber_statistics (record_time, subscriber_count) VALUES ('2024-10-30 08:00:00', 25);
INSERT INTO subscriber_statistics (record_time, subscriber_count) VALUES ('2024-10-30 09:00:00', 306);
INSERT INTO subscriber_statistics (record_time, subscriber_count) VALUES ('2024-10-30 10:00:00', 106);
INSERT INTO subscriber_statistics (record_time, subscriber_count) VALUES ('2024-10-30 11:00:00', 234);
INSERT INTO subscriber_statistics (record_time, subscriber_count) VALUES ('2024-10-30 12:00:00', 914);
INSERT INTO subscriber_statistics (record_time, subscriber_count) VALUES ('2024-10-30 13:00:00', 514);
INSERT INTO subscriber_statistics (record_time, subscriber_count) VALUES ('2024-10-30 14:00:00', 332);
INSERT INTO subscriber_statistics (record_time, subscriber_count) VALUES ('2024-10-30 15:00:00', 99);
INSERT INTO subscriber_statistics (record_time, subscriber_count) VALUES ('2024-10-30 16:00:00', 160);
INSERT INTO subscriber_statistics (record_time, subscriber_count) VALUES ('2024-10-30 17:00:00', 229);
INSERT INTO subscriber_statistics (record_time, subscriber_count) VALUES ('2024-10-30 18:00:00', 545);
INSERT INTO subscriber_statistics (record_time, subscriber_count) VALUES ('2024-10-30 19:00:00', 330);
INSERT INTO subscriber_statistics (record_time, subscriber_count) VALUES ('2024-10-30 20:00:00', 254);
INSERT INTO subscriber_statistics (record_time, subscriber_count) VALUES ('2024-10-30 21:00:00', 332);
INSERT INTO subscriber_statistics (record_time, subscriber_count) VALUES ('2024-10-30 22:00:00', 954);
INSERT INTO subscriber_statistics (record_time, subscriber_count) VALUES ('2024-10-30 23:00:00', 505);
INSERT INTO subscriber_statistics (record_time, subscriber_count) VALUES ('2024-10-31 00:00:00', 966);
INSERT INTO subscriber_statistics (record_time, subscriber_count) VALUES ('2024-10-31 01:00:00', 257);
INSERT INTO subscriber_statistics (record_time, subscriber_count) VALUES ('2024-10-31 02:00:00', 327);
INSERT INTO subscriber_statistics (record_time, subscriber_count) VALUES ('2024-10-31 03:00:00', 470);
INSERT INTO subscriber_statistics (record_time, subscriber_count) VALUES ('2024-10-31 04:00:00', 286);
INSERT INTO subscriber_statistics (record_time, subscriber_count) VALUES ('2024-10-31 05:00:00', 521);
INSERT INTO subscriber_statistics (record_time, subscriber_count) VALUES ('2024-10-31 06:00:00', 789);
INSERT INTO subscriber_statistics (record_time, subscriber_count) VALUES ('2024-10-31 07:00:00', 491);
INSERT INTO subscriber_statistics (record_time, subscriber_count) VALUES ('2024-10-31 08:00:00', 900);
INSERT INTO subscriber_statistics (record_time, subscriber_count) VALUES ('2024-10-31 09:00:00', 145);
INSERT INTO subscriber_statistics (record_time, subscriber_count) VALUES ('2024-10-31 10:00:00', 41);
INSERT INTO subscriber_statistics (record_time, subscriber_count) VALUES ('2024-10-31 11:00:00', 740);
INSERT INTO subscriber_statistics (record_time, subscriber_count) VALUES ('2024-10-31 12:00:00', 799);
INSERT INTO subscriber_statistics (record_time, subscriber_count) VALUES ('2024-10-31 13:00:00', 538);
INSERT INTO subscriber_statistics (record_time, subscriber_count) VALUES ('2024-10-31 14:00:00', 680);
INSERT INTO subscriber_statistics (record_time, subscriber_count) VALUES ('2024-10-31 15:00:00', 742);
INSERT INTO subscriber_statistics (record_time, subscriber_count) VALUES ('2024-10-31 16:00:00', 543);
INSERT INTO subscriber_statistics (record_time, subscriber_count) VALUES ('2024-10-31 17:00:00', 749);
INSERT INTO subscriber_statistics (record_time, subscriber_count) VALUES ('2024-10-31 18:00:00', 939);
INSERT INTO subscriber_statistics (record_time, subscriber_count) VALUES ('2024-10-31 19:00:00', 192);
INSERT INTO subscriber_statistics (record_time, subscriber_count) VALUES ('2024-10-31 20:00:00', 959);
INSERT INTO subscriber_statistics (record_time, subscriber_count) VALUES ('2024-10-31 21:00:00', 1);
INSERT INTO subscriber_statistics (record_time, subscriber_count) VALUES ('2024-10-31 22:00:00', 551);
INSERT INTO subscriber_statistics (record_time, subscriber_count) VALUES ('2024-10-31 23:00:00', 289);

-- Leaver Statistics Inserts
INSERT INTO leaver_statistics (record_time, leaver_count) VALUES ('2024-10-28 00:00:00', 43);
INSERT INTO leaver_statistics (record_time, leaver_count) VALUES ('2024-10-28 01:00:00', 132);
INSERT INTO leaver_statistics (record_time, leaver_count) VALUES ('2024-10-28 02:00:00', 340);
INSERT INTO leaver_statistics (record_time, leaver_count) VALUES ('2024-10-28 03:00:00', 678);
INSERT INTO leaver_statistics (record_time, leaver_count) VALUES ('2024-10-28 04:00:00', 858);
INSERT INTO leaver_statistics (record_time, leaver_count) VALUES ('2024-10-28 05:00:00', 839);
INSERT INTO leaver_statistics (record_time, leaver_count) VALUES ('2024-10-28 06:00:00', 417);
INSERT INTO leaver_statistics (record_time, leaver_count) VALUES ('2024-10-28 07:00:00', 679);
INSERT INTO leaver_statistics (record_time, leaver_count) VALUES ('2024-10-28 08:00:00', 817);
INSERT INTO leaver_statistics (record_time, leaver_count) VALUES ('2024-10-28 09:00:00', 676);
INSERT INTO leaver_statistics (record_time, leaver_count) VALUES ('2024-10-28 10:00:00', 88);
INSERT INTO leaver_statistics (record_time, leaver_count) VALUES ('2024-10-28 11:00:00', 716);
INSERT INTO leaver_statistics (record_time, leaver_count) VALUES ('2024-10-28 12:00:00', 891);
INSERT INTO leaver_statistics (record_time, leaver_count) VALUES ('2024-10-28 13:00:00', 504);
INSERT INTO leaver_statistics (record_time, leaver_count) VALUES ('2024-10-28 14:00:00', 285);
INSERT INTO leaver_statistics (record_time, leaver_count) VALUES ('2024-10-28 15:00:00', 396);
INSERT INTO leaver_statistics (record_time, leaver_count) VALUES ('2024-10-28 16:00:00', 313);
INSERT INTO leaver_statistics (record_time, leaver_count) VALUES ('2024-10-28 17:00:00', 557);
INSERT INTO leaver_statistics (record_time, leaver_count) VALUES ('2024-10-28 18:00:00', 946);
INSERT INTO leaver_statistics (record_time, leaver_count) VALUES ('2024-10-28 19:00:00', 505);
INSERT INTO leaver_statistics (record_time, leaver_count) VALUES ('2024-10-28 20:00:00', 466);
INSERT INTO leaver_statistics (record_time, leaver_count) VALUES ('2024-10-28 21:00:00', 87);
INSERT INTO leaver_statistics (record_time, leaver_count) VALUES ('2024-10-28 22:00:00', 140);
INSERT INTO leaver_statistics (record_time, leaver_count) VALUES ('2024-10-28 23:00:00', 701);
INSERT INTO leaver_statistics (record_time, leaver_count) VALUES ('2024-10-29 00:00:00', 407);
INSERT INTO leaver_statistics (record_time, leaver_count) VALUES ('2024-10-29 01:00:00', 986);
INSERT INTO leaver_statistics (record_time, leaver_count) VALUES ('2024-10-29 02:00:00', 302);
INSERT INTO leaver_statistics (record_time, leaver_count) VALUES ('2024-10-29 03:00:00', 465);
INSERT INTO leaver_statistics (record_time, leaver_count) VALUES ('2024-10-29 04:00:00', 625);
INSERT INTO leaver_statistics (record_time, leaver_count) VALUES ('2024-10-29 05:00:00', 55);
INSERT INTO leaver_statistics (record_time, leaver_count) VALUES ('2024-10-29 06:00:00', 995);
INSERT INTO leaver_statistics (record_time, leaver_count) VALUES ('2024-10-29 07:00:00', 288);
INSERT INTO leaver_statistics (record_time, leaver_count) VALUES ('2024-10-29 08:00:00', 342);
INSERT INTO leaver_statistics (record_time, leaver_count) VALUES ('2024-10-29 09:00:00', 118);
INSERT INTO leaver_statistics (record_time, leaver_count) VALUES ('2024-10-29 10:00:00', 225);
INSERT INTO leaver_statistics (record_time, leaver_count) VALUES ('2024-10-29 11:00:00', 471);
INSERT INTO leaver_statistics (record_time, leaver_count) VALUES ('2024-10-29 12:00:00', 348);
INSERT INTO leaver_statistics (record_time, leaver_count) VALUES ('2024-10-29 13:00:00', 411);
INSERT INTO leaver_statistics (record_time, leaver_count) VALUES ('2024-10-29 14:00:00', 653);
INSERT INTO leaver_statistics (record_time, leaver_count) VALUES ('2024-10-29 15:00:00', 56);
INSERT INTO leaver_statistics (record_time, leaver_count) VALUES ('2024-10-29 16:00:00', 309);
INSERT INTO leaver_statistics (record_time, leaver_count) VALUES ('2024-10-29 17:00:00', 424);
INSERT INTO leaver_statistics (record_time, leaver_count) VALUES ('2024-10-29 18:00:00', 491);
INSERT INTO leaver_statistics (record_time, leaver_count) VALUES ('2024-10-29 19:00:00', 117);
INSERT INTO leaver_statistics (record_time, leaver_count) VALUES ('2024-10-29 20:00:00', 181);
INSERT INTO leaver_statistics (record_time, leaver_count) VALUES ('2024-10-29 21:00:00', 604);
INSERT INTO leaver_statistics (record_time, leaver_count) VALUES ('2024-10-29 22:00:00', 392);
INSERT INTO leaver_statistics (record_time, leaver_count) VALUES ('2024-10-29 23:00:00', 635);
INSERT INTO leaver_statistics (record_time, leaver_count) VALUES ('2024-10-30 00:00:00', 272);
INSERT INTO leaver_statistics (record_time, leaver_count) VALUES ('2024-10-30 01:00:00', 680);
INSERT INTO leaver_statistics (record_time, leaver_count) VALUES ('2024-10-30 02:00:00', 296);
INSERT INTO leaver_statistics (record_time, leaver_count) VALUES ('2024-10-30 03:00:00', 839);
INSERT INTO leaver_statistics (record_time, leaver_count) VALUES ('2024-10-30 04:00:00', 324);
INSERT INTO leaver_statistics (record_time, leaver_count) VALUES ('2024-10-30 05:00:00', 6);
INSERT INTO leaver_statistics (record_time, leaver_count) VALUES ('2024-10-30 06:00:00', 707);
INSERT INTO leaver_statistics (record_time, leaver_count) VALUES ('2024-10-30 07:00:00', 460);
INSERT INTO leaver_statistics (record_time, leaver_count) VALUES ('2024-10-30 08:00:00', 375);
INSERT INTO leaver_statistics (record_time, leaver_count) VALUES ('2024-10-30 09:00:00', 380);
INSERT INTO leaver_statistics (record_time, leaver_count) VALUES ('2024-10-30 10:00:00', 384);
INSERT INTO leaver_statistics (record_time, leaver_count) VALUES ('2024-10-30 11:00:00', 999);
INSERT INTO leaver_statistics (record_time, leaver_count) VALUES ('2024-10-30 12:00:00', 227);
INSERT INTO leaver_statistics (record_time, leaver_count) VALUES ('2024-10-30 13:00:00', 360);
INSERT INTO leaver_statistics (record_time, leaver_count) VALUES ('2024-10-30 14:00:00', 946);
INSERT INTO leaver_statistics (record_time, leaver_count) VALUES ('2024-10-30 15:00:00', 119);
INSERT INTO leaver_statistics (record_time, leaver_count) VALUES ('2024-10-30 16:00:00', 438);
INSERT INTO leaver_statistics (record_time, leaver_count) VALUES ('2024-10-30 17:00:00', 274);
INSERT INTO leaver_statistics (record_time, leaver_count) VALUES ('2024-10-30 18:00:00', 197);
INSERT INTO leaver_statistics (record_time, leaver_count) VALUES ('2024-10-30 19:00:00', 912);
INSERT INTO leaver_statistics (record_time, leaver_count) VALUES ('2024-10-30 20:00:00', 912);
INSERT INTO leaver_statistics (record_time, leaver_count) VALUES ('2024-10-30 21:00:00', 287);
INSERT INTO leaver_statistics (record_time, leaver_count) VALUES ('2024-10-30 22:00:00', 59);
INSERT INTO leaver_statistics (record_time, leaver_count) VALUES ('2024-10-30 23:00:00', 88);
INSERT INTO leaver_statistics (record_time, leaver_count) VALUES ('2024-10-31 00:00:00', 681);
INSERT INTO leaver_statistics (record_time, leaver_count) VALUES ('2024-10-31 01:00:00', 475);
INSERT INTO leaver_statistics (record_time, leaver_count) VALUES ('2024-10-31 02:00:00', 426);
INSERT INTO leaver_statistics (record_time, leaver_count) VALUES ('2024-10-31 03:00:00', 126);
INSERT INTO leaver_statistics (record_time, leaver_count) VALUES ('2024-10-31 04:00:00', 362);
INSERT INTO leaver_statistics (record_time, leaver_count) VALUES ('2024-10-31 05:00:00', 224);
INSERT INTO leaver_statistics (record_time, leaver_count) VALUES ('2024-10-31 06:00:00', 971);
INSERT INTO leaver_statistics (record_time, leaver_count) VALUES ('2024-10-31 07:00:00', 751);
INSERT INTO leaver_statistics (record_time, leaver_count) VALUES ('2024-10-31 08:00:00', 115);
INSERT INTO leaver_statistics (record_time, leaver_count) VALUES ('2024-10-31 09:00:00', 309);
INSERT INTO leaver_statistics (record_time, leaver_count) VALUES ('2024-10-31 10:00:00', 923);
INSERT INTO leaver_statistics (record_time, leaver_count) VALUES ('2024-10-31 11:00:00', 567);
INSERT INTO leaver_statistics (record_time, leaver_count) VALUES ('2024-10-31 12:00:00', 427);
INSERT INTO leaver_statistics (record_time, leaver_count) VALUES ('2024-10-31 13:00:00', 127);
INSERT INTO leaver_statistics (record_time, leaver_count) VALUES ('2024-10-31 14:00:00', 655);
INSERT INTO leaver_statistics (record_time, leaver_count) VALUES ('2024-10-31 15:00:00', 808);
INSERT INTO leaver_statistics (record_time, leaver_count) VALUES ('2024-10-31 16:00:00', 794);
INSERT INTO leaver_statistics (record_time, leaver_count) VALUES ('2024-10-31 17:00:00', 329);
INSERT INTO leaver_statistics (record_time, leaver_count) VALUES ('2024-10-31 18:00:00', 225);
INSERT INTO leaver_statistics (record_time, leaver_count) VALUES ('2024-10-31 19:00:00', 706);
INSERT INTO leaver_statistics (record_time, leaver_count) VALUES ('2024-10-31 20:00:00', 451);
INSERT INTO leaver_statistics (record_time, leaver_count) VALUES ('2024-10-31 21:00:00', 755);
INSERT INTO leaver_statistics (record_time, leaver_count) VALUES ('2024-10-31 22:00:00', 482);
INSERT INTO leaver_statistics (record_time, leaver_count) VALUES ('2024-10-31 23:00:00', 353);

-- Payment Amount Statistics Inserts
INSERT INTO payment_amount_statistics (record_time, payment_amount) VALUES ('2024-10-28 00:00:00', 5461947);
INSERT INTO payment_amount_statistics (record_time, payment_amount) VALUES ('2024-10-28 01:00:00', 1527590);
INSERT INTO payment_amount_statistics (record_time, payment_amount) VALUES ('2024-10-28 02:00:00', 5202319);
INSERT INTO payment_amount_statistics (record_time, payment_amount) VALUES ('2024-10-28 03:00:00', 5322518);
INSERT INTO payment_amount_statistics (record_time, payment_amount) VALUES ('2024-10-28 04:00:00', 665241);
INSERT INTO payment_amount_statistics (record_time, payment_amount) VALUES ('2024-10-28 05:00:00', 1546170);
INSERT INTO payment_amount_statistics (record_time, payment_amount) VALUES ('2024-10-28 06:00:00', 9088858);
INSERT INTO payment_amount_statistics (record_time, payment_amount) VALUES ('2024-10-28 07:00:00', 7224355);
INSERT INTO payment_amount_statistics (record_time, payment_amount) VALUES ('2024-10-28 08:00:00', 5476681);
INSERT INTO payment_amount_statistics (record_time, payment_amount) VALUES ('2024-10-28 09:00:00', 3063007);
INSERT INTO payment_amount_statistics (record_time, payment_amount) VALUES ('2024-10-28 10:00:00', 5742024);
INSERT INTO payment_amount_statistics (record_time, payment_amount) VALUES ('2024-10-28 11:00:00', 6961147);
INSERT INTO payment_amount_statistics (record_time, payment_amount) VALUES ('2024-10-28 12:00:00', 690671);
INSERT INTO payment_amount_statistics (record_time, payment_amount) VALUES ('2024-10-28 13:00:00', 4146708);
INSERT INTO payment_amount_statistics (record_time, payment_amount) VALUES ('2024-10-28 14:00:00', 8675174);
INSERT INTO payment_amount_statistics (record_time, payment_amount) VALUES ('2024-10-28 15:00:00', 471257);
INSERT INTO payment_amount_statistics (record_time, payment_amount) VALUES ('2024-10-28 16:00:00', 7157836);
INSERT INTO payment_amount_statistics (record_time, payment_amount) VALUES ('2024-10-28 17:00:00', 8373568);
INSERT INTO payment_amount_statistics (record_time, payment_amount) VALUES ('2024-10-28 18:00:00', 2932603);
INSERT INTO payment_amount_statistics (record_time, payment_amount) VALUES ('2024-10-28 19:00:00', 5448619);
INSERT INTO payment_amount_statistics (record_time, payment_amount) VALUES ('2024-10-28 20:00:00', 9391882);
INSERT INTO payment_amount_statistics (record_time, payment_amount) VALUES ('2024-10-28 21:00:00', 4405956);
INSERT INTO payment_amount_statistics (record_time, payment_amount) VALUES ('2024-10-28 22:00:00', 5399813);
INSERT INTO payment_amount_statistics (record_time, payment_amount) VALUES ('2024-10-28 23:00:00', 8726527);
INSERT INTO payment_amount_statistics (record_time, payment_amount) VALUES ('2024-10-29 00:00:00', 4633570);
INSERT INTO payment_amount_statistics (record_time, payment_amount) VALUES ('2024-10-29 01:00:00', 8635047);
INSERT INTO payment_amount_statistics (record_time, payment_amount) VALUES ('2024-10-29 02:00:00', 1563517);
INSERT INTO payment_amount_statistics (record_time, payment_amount) VALUES ('2024-10-29 03:00:00', 6156576);
INSERT INTO payment_amount_statistics (record_time, payment_amount) VALUES ('2024-10-29 04:00:00', 7319244);
INSERT INTO payment_amount_statistics (record_time, payment_amount) VALUES ('2024-10-29 05:00:00', 669666);
INSERT INTO payment_amount_statistics (record_time, payment_amount) VALUES ('2024-10-29 06:00:00', 5246116);
INSERT INTO payment_amount_statistics (record_time, payment_amount) VALUES ('2024-10-29 07:00:00', 1582110);
INSERT INTO payment_amount_statistics (record_time, payment_amount) VALUES ('2024-10-29 08:00:00', 9734588);
INSERT INTO payment_amount_statistics (record_time, payment_amount) VALUES ('2024-10-29 09:00:00', 5583481);
INSERT INTO payment_amount_statistics (record_time, payment_amount) VALUES ('2024-10-29 10:00:00', 8721744);
INSERT INTO payment_amount_statistics (record_time, payment_amount) VALUES ('2024-10-29 11:00:00', 2400783);
INSERT INTO payment_amount_statistics (record_time, payment_amount) VALUES ('2024-10-29 12:00:00', 8945772);
INSERT INTO payment_amount_statistics (record_time, payment_amount) VALUES ('2024-10-29 13:00:00', 4326824);
INSERT INTO payment_amount_statistics (record_time, payment_amount) VALUES ('2024-10-29 14:00:00', 5315249);
INSERT INTO payment_amount_statistics (record_time, payment_amount) VALUES ('2024-10-29 15:00:00', 4946171);
INSERT INTO payment_amount_statistics (record_time, payment_amount) VALUES ('2024-10-29 16:00:00', 7531137);
INSERT INTO payment_amount_statistics (record_time, payment_amount) VALUES ('2024-10-29 17:00:00', 422221);
INSERT INTO payment_amount_statistics (record_time, payment_amount) VALUES ('2024-10-29 18:00:00', 7400525);
INSERT INTO payment_amount_statistics (record_time, payment_amount) VALUES ('2024-10-29 19:00:00', 8697566);
INSERT INTO payment_amount_statistics (record_time, payment_amount) VALUES ('2024-10-29 20:00:00', 4744291);
INSERT INTO payment_amount_statistics (record_time, payment_amount) VALUES ('2024-10-29 21:00:00', 5267078);
INSERT INTO payment_amount_statistics (record_time, payment_amount) VALUES ('2024-10-29 22:00:00', 581432);
INSERT INTO payment_amount_statistics (record_time, payment_amount) VALUES ('2024-10-29 23:00:00', 630880);
INSERT INTO payment_amount_statistics (record_time, payment_amount) VALUES ('2024-10-30 00:00:00', 7150932);
INSERT INTO payment_amount_statistics (record_time, payment_amount) VALUES ('2024-10-30 01:00:00', 4557843);
INSERT INTO payment_amount_statistics (record_time, payment_amount) VALUES ('2024-10-30 02:00:00', 8478460);
INSERT INTO payment_amount_statistics (record_time, payment_amount) VALUES ('2024-10-30 03:00:00', 7237927);
INSERT INTO payment_amount_statistics (record_time, payment_amount) VALUES ('2024-10-30 04:00:00', 1339105);
INSERT INTO payment_amount_statistics (record_time, payment_amount) VALUES ('2024-10-30 05:00:00', 6572420);
INSERT INTO payment_amount_statistics (record_time, payment_amount) VALUES ('2024-10-30 06:00:00', 912068);
INSERT INTO payment_amount_statistics (record_time, payment_amount) VALUES ('2024-10-30 07:00:00', 6197236);
INSERT INTO payment_amount_statistics (record_time, payment_amount) VALUES ('2024-10-30 08:00:00', 3005642);
INSERT INTO payment_amount_statistics (record_time, payment_amount) VALUES ('2024-10-30 09:00:00', 5955255);
INSERT INTO payment_amount_statistics (record_time, payment_amount) VALUES ('2024-10-30 10:00:00', 4738833);
INSERT INTO payment_amount_statistics (record_time, payment_amount) VALUES ('2024-10-30 11:00:00', 1169208);
INSERT INTO payment_amount_statistics (record_time, payment_amount) VALUES ('2024-10-30 12:00:00', 9092865);
INSERT INTO payment_amount_statistics (record_time, payment_amount) VALUES ('2024-10-30 13:00:00', 6078684);
INSERT INTO payment_amount_statistics (record_time, payment_amount) VALUES ('2024-10-30 14:00:00', 7145412);
INSERT INTO payment_amount_statistics (record_time, payment_amount) VALUES ('2024-10-30 15:00:00', 9745396);
INSERT INTO payment_amount_statistics (record_time, payment_amount) VALUES ('2024-10-30 16:00:00', 7129885);
INSERT INTO payment_amount_statistics (record_time, payment_amount) VALUES ('2024-10-30 17:00:00', 3865670);
INSERT INTO payment_amount_statistics (record_time, payment_amount) VALUES ('2024-10-30 18:00:00', 995809);
INSERT INTO payment_amount_statistics (record_time, payment_amount) VALUES ('2024-10-30 19:00:00', 3351996);
INSERT INTO payment_amount_statistics (record_time, payment_amount) VALUES ('2024-10-30 20:00:00', 7886526);
INSERT INTO payment_amount_statistics (record_time, payment_amount) VALUES ('2024-10-30 21:00:00', 5902242);
INSERT INTO payment_amount_statistics (record_time, payment_amount) VALUES ('2024-10-30 22:00:00', 1187265);
INSERT INTO payment_amount_statistics (record_time, payment_amount) VALUES ('2024-10-30 23:00:00', 7777430);
INSERT INTO payment_amount_statistics (record_time, payment_amount) VALUES ('2024-10-31 00:00:00', 1789042);
INSERT INTO payment_amount_statistics (record_time, payment_amount) VALUES ('2024-10-31 01:00:00', 7761364);
INSERT INTO payment_amount_statistics (record_time, payment_amount) VALUES ('2024-10-31 02:00:00', 4030477);
INSERT INTO payment_amount_statistics (record_time, payment_amount) VALUES ('2024-10-31 03:00:00', 5203908);
INSERT INTO payment_amount_statistics (record_time, payment_amount) VALUES ('2024-10-31 04:00:00', 2254875);
INSERT INTO payment_amount_statistics (record_time, payment_amount) VALUES ('2024-10-31 05:00:00', 6306940);
INSERT INTO payment_amount_statistics (record_time, payment_amount) VALUES ('2024-10-31 06:00:00', 7032871);
INSERT INTO payment_amount_statistics (record_time, payment_amount) VALUES ('2024-10-31 07:00:00', 1570759);
INSERT INTO payment_amount_statistics (record_time, payment_amount) VALUES ('2024-10-31 08:00:00', 9477561);
INSERT INTO payment_amount_statistics (record_time, payment_amount) VALUES ('2024-10-31 09:00:00', 8773928);
INSERT INTO payment_amount_statistics (record_time, payment_amount) VALUES ('2024-10-31 10:00:00', 2844263);
INSERT INTO payment_amount_statistics (record_time, payment_amount) VALUES ('2024-10-31 11:00:00', 3689468);
INSERT INTO payment_amount_statistics (record_time, payment_amount) VALUES ('2024-10-31 12:00:00', 7156679);
INSERT INTO payment_amount_statistics (record_time, payment_amount) VALUES ('2024-10-31 13:00:00', 9598160);
INSERT INTO payment_amount_statistics (record_time, payment_amount) VALUES ('2024-10-31 14:00:00', 1364953);
INSERT INTO payment_amount_statistics (record_time, payment_amount) VALUES ('2024-10-31 15:00:00', 7586594);
INSERT INTO payment_amount_statistics (record_time, payment_amount) VALUES ('2024-10-31 16:00:00', 1881438);
INSERT INTO payment_amount_statistics (record_time, payment_amount) VALUES ('2024-10-31 17:00:00', 2999887);
INSERT INTO payment_amount_statistics (record_time, payment_amount) VALUES ('2024-10-31 18:00:00', 8740731);
INSERT INTO payment_amount_statistics (record_time, payment_amount) VALUES ('2024-10-31 19:00:00', 3694563);
INSERT INTO payment_amount_statistics (record_time, payment_amount) VALUES ('2024-10-31 20:00:00', 6853136);
INSERT INTO payment_amount_statistics (record_time, payment_amount) VALUES ('2024-10-31 21:00:00', 8738555);
INSERT INTO payment_amount_statistics (record_time, payment_amount) VALUES ('2024-10-31 22:00:00', 7346981);
INSERT INTO payment_amount_statistics (record_time, payment_amount) VALUES ('2024-10-31 23:00:00', 4559745);

-- Usage Amount Statistics Inserts
INSERT INTO usage_amount_statistics (record_time, usage_amount) VALUES ('2024-10-28 00:00:00', 9315981);
INSERT INTO usage_amount_statistics (record_time, usage_amount) VALUES ('2024-10-28 01:00:00', 87090);
INSERT INTO usage_amount_statistics (record_time, usage_amount) VALUES ('2024-10-28 02:00:00', 8208070);
INSERT INTO usage_amount_statistics (record_time, usage_amount) VALUES ('2024-10-28 03:00:00', 3025886);
INSERT INTO usage_amount_statistics (record_time, usage_amount) VALUES ('2024-10-28 04:00:00', 9277475);
INSERT INTO usage_amount_statistics (record_time, usage_amount) VALUES ('2024-10-28 05:00:00', 2704024);
INSERT INTO usage_amount_statistics (record_time, usage_amount) VALUES ('2024-10-28 06:00:00', 5101178);
INSERT INTO usage_amount_statistics (record_time, usage_amount) VALUES ('2024-10-28 07:00:00', 3866835);
INSERT INTO usage_amount_statistics (record_time, usage_amount) VALUES ('2024-10-28 08:00:00', 4026355);
INSERT INTO usage_amount_statistics (record_time, usage_amount) VALUES ('2024-10-28 09:00:00', 8231364);
INSERT INTO usage_amount_statistics (record_time, usage_amount) VALUES ('2024-10-28 10:00:00', 9150850);
INSERT INTO usage_amount_statistics (record_time, usage_amount) VALUES ('2024-10-28 11:00:00', 102488);
INSERT INTO usage_amount_statistics (record_time, usage_amount) VALUES ('2024-10-28 12:00:00', 8757010);
INSERT INTO usage_amount_statistics (record_time, usage_amount) VALUES ('2024-10-28 13:00:00', 84968);
INSERT INTO usage_amount_statistics (record_time, usage_amount) VALUES ('2024-10-28 14:00:00', 5878367);
INSERT INTO usage_amount_statistics (record_time, usage_amount) VALUES ('2024-10-28 15:00:00', 4625604);
INSERT INTO usage_amount_statistics (record_time, usage_amount) VALUES ('2024-10-28 16:00:00', 3325599);
INSERT INTO usage_amount_statistics (record_time, usage_amount) VALUES ('2024-10-28 17:00:00', 4726407);
INSERT INTO usage_amount_statistics (record_time, usage_amount) VALUES ('2024-10-28 18:00:00', 372436);
INSERT INTO usage_amount_statistics (record_time, usage_amount) VALUES ('2024-10-28 19:00:00', 4896551);
INSERT INTO usage_amount_statistics (record_time, usage_amount) VALUES ('2024-10-28 20:00:00', 4093155);
INSERT INTO usage_amount_statistics (record_time, usage_amount) VALUES ('2024-10-28 21:00:00', 8606774);
INSERT INTO usage_amount_statistics (record_time, usage_amount) VALUES ('2024-10-28 22:00:00', 4333479);
INSERT INTO usage_amount_statistics (record_time, usage_amount) VALUES ('2024-10-28 23:00:00', 9018106);
INSERT INTO usage_amount_statistics (record_time, usage_amount) VALUES ('2024-10-29 00:00:00', 5314910);
INSERT INTO usage_amount_statistics (record_time, usage_amount) VALUES ('2024-10-29 01:00:00', 8687888);
INSERT INTO usage_amount_statistics (record_time, usage_amount) VALUES ('2024-10-29 02:00:00', 9352262);
INSERT INTO usage_amount_statistics (record_time, usage_amount) VALUES ('2024-10-29 03:00:00', 9130184);
INSERT INTO usage_amount_statistics (record_time, usage_amount) VALUES ('2024-10-29 04:00:00', 2740257);
INSERT INTO usage_amount_statistics (record_time, usage_amount) VALUES ('2024-10-29 05:00:00', 3293392);
INSERT INTO usage_amount_statistics (record_time, usage_amount) VALUES ('2024-10-29 06:00:00', 190231);
INSERT INTO usage_amount_statistics (record_time, usage_amount) VALUES ('2024-10-29 07:00:00', 3530639);
INSERT INTO usage_amount_statistics (record_time, usage_amount) VALUES ('2024-10-29 08:00:00', 5394432);
INSERT INTO usage_amount_statistics (record_time, usage_amount) VALUES ('2024-10-29 09:00:00', 4228853);
INSERT INTO usage_amount_statistics (record_time, usage_amount) VALUES ('2024-10-29 10:00:00', 5296600);
INSERT INTO usage_amount_statistics (record_time, usage_amount) VALUES ('2024-10-29 11:00:00', 2214495);
INSERT INTO usage_amount_statistics (record_time, usage_amount) VALUES ('2024-10-29 12:00:00', 2281259);
INSERT INTO usage_amount_statistics (record_time, usage_amount) VALUES ('2024-10-29 13:00:00', 5967838);
INSERT INTO usage_amount_statistics (record_time, usage_amount) VALUES ('2024-10-29 14:00:00', 9599051);
INSERT INTO usage_amount_statistics (record_time, usage_amount) VALUES ('2024-10-29 15:00:00', 9144369);
INSERT INTO usage_amount_statistics (record_time, usage_amount) VALUES ('2024-10-29 16:00:00', 39779);
INSERT INTO usage_amount_statistics (record_time, usage_amount) VALUES ('2024-10-29 17:00:00', 3530281);
INSERT INTO usage_amount_statistics (record_time, usage_amount) VALUES ('2024-10-29 18:00:00', 8512848);
INSERT INTO usage_amount_statistics (record_time, usage_amount) VALUES ('2024-10-29 19:00:00', 3794667);
INSERT INTO usage_amount_statistics (record_time, usage_amount) VALUES ('2024-10-29 20:00:00', 9144775);
INSERT INTO usage_amount_statistics (record_time, usage_amount) VALUES ('2024-10-29 21:00:00', 2889905);
INSERT INTO usage_amount_statistics (record_time, usage_amount) VALUES ('2024-10-29 22:00:00', 8884990);
INSERT INTO usage_amount_statistics (record_time, usage_amount) VALUES ('2024-10-29 23:00:00', 3919314);
INSERT INTO usage_amount_statistics (record_time, usage_amount) VALUES ('2024-10-30 00:00:00', 1104553);
INSERT INTO usage_amount_statistics (record_time, usage_amount) VALUES ('2024-10-30 01:00:00', 9677366);
INSERT INTO usage_amount_statistics (record_time, usage_amount) VALUES ('2024-10-30 02:00:00', 7915102);
INSERT INTO usage_amount_statistics (record_time, usage_amount) VALUES ('2024-10-30 03:00:00', 5884622);
INSERT INTO usage_amount_statistics (record_time, usage_amount) VALUES ('2024-10-30 04:00:00', 9879461);
INSERT INTO usage_amount_statistics (record_time, usage_amount) VALUES ('2024-10-30 05:00:00', 8223924);
INSERT INTO usage_amount_statistics (record_time, usage_amount) VALUES ('2024-10-30 06:00:00', 9091079);
INSERT INTO usage_amount_statistics (record_time, usage_amount) VALUES ('2024-10-30 07:00:00', 9484833);
INSERT INTO usage_amount_statistics (record_time, usage_amount) VALUES ('2024-10-30 08:00:00', 8436561);
INSERT INTO usage_amount_statistics (record_time, usage_amount) VALUES ('2024-10-30 09:00:00', 5033225);
INSERT INTO usage_amount_statistics (record_time, usage_amount) VALUES ('2024-10-30 10:00:00', 1549537);
INSERT INTO usage_amount_statistics (record_time, usage_amount) VALUES ('2024-10-30 11:00:00', 1807547);
INSERT INTO usage_amount_statistics (record_time, usage_amount) VALUES ('2024-10-30 12:00:00', 8286645);
INSERT INTO usage_amount_statistics (record_time, usage_amount) VALUES ('2024-10-30 13:00:00', 9614736);
INSERT INTO usage_amount_statistics (record_time, usage_amount) VALUES ('2024-10-30 14:00:00', 7135716);
INSERT INTO usage_amount_statistics (record_time, usage_amount) VALUES ('2024-10-30 15:00:00', 15467);
INSERT INTO usage_amount_statistics (record_time, usage_amount) VALUES ('2024-10-30 16:00:00', 8420961);
INSERT INTO usage_amount_statistics (record_time, usage_amount) VALUES ('2024-10-30 17:00:00', 5013327);
INSERT INTO usage_amount_statistics (record_time, usage_amount) VALUES ('2024-10-30 18:00:00', 7786808);
INSERT INTO usage_amount_statistics (record_time, usage_amount) VALUES ('2024-10-30 19:00:00', 7378016);
INSERT INTO usage_amount_statistics (record_time, usage_amount) VALUES ('2024-10-30 20:00:00', 9572657);
INSERT INTO usage_amount_statistics (record_time, usage_amount) VALUES ('2024-10-30 21:00:00', 675853);
INSERT INTO usage_amount_statistics (record_time, usage_amount) VALUES ('2024-10-30 22:00:00', 1424107);
INSERT INTO usage_amount_statistics (record_time, usage_amount) VALUES ('2024-10-30 23:00:00', 9696514);
INSERT INTO usage_amount_statistics (record_time, usage_amount) VALUES ('2024-10-31 00:00:00', 341666);
INSERT INTO usage_amount_statistics (record_time, usage_amount) VALUES ('2024-10-31 01:00:00', 6446214);
INSERT INTO usage_amount_statistics (record_time, usage_amount) VALUES ('2024-10-31 02:00:00', 9744561);
INSERT INTO usage_amount_statistics (record_time, usage_amount) VALUES ('2024-10-31 03:00:00', 1465494);
INSERT INTO usage_amount_statistics (record_time, usage_amount) VALUES ('2024-10-31 04:00:00', 5729674);
INSERT INTO usage_amount_statistics (record_time, usage_amount) VALUES ('2024-10-31 05:00:00', 711859);
INSERT INTO usage_amount_statistics (record_time, usage_amount) VALUES ('2024-10-31 06:00:00', 5573892);
INSERT INTO usage_amount_statistics (record_time, usage_amount) VALUES ('2024-10-31 07:00:00', 9201334);
INSERT INTO usage_amount_statistics (record_time, usage_amount) VALUES ('2024-10-31 08:00:00', 9811679);
INSERT INTO usage_amount_statistics (record_time, usage_amount) VALUES ('2024-10-31 09:00:00', 3342717);
INSERT INTO usage_amount_statistics (record_time, usage_amount) VALUES ('2024-10-31 10:00:00', 1213347);
INSERT INTO usage_amount_statistics (record_time, usage_amount) VALUES ('2024-10-31 11:00:00', 3830439);
INSERT INTO usage_amount_statistics (record_time, usage_amount) VALUES ('2024-10-31 12:00:00', 8774499);
INSERT INTO usage_amount_statistics (record_time, usage_amount) VALUES ('2024-10-31 13:00:00', 3053290);
INSERT INTO usage_amount_statistics (record_time, usage_amount) VALUES ('2024-10-31 14:00:00', 3573820);
INSERT INTO usage_amount_statistics (record_time, usage_amount) VALUES ('2024-10-31 15:00:00', 7400320);
INSERT INTO usage_amount_statistics (record_time, usage_amount) VALUES ('2024-10-31 16:00:00', 9422549);
INSERT INTO usage_amount_statistics (record_time, usage_amount) VALUES ('2024-10-31 17:00:00', 5533837);
INSERT INTO usage_amount_statistics (record_time, usage_amount) VALUES ('2024-10-31 18:00:00', 8670657);
INSERT INTO usage_amount_statistics (record_time, usage_amount) VALUES ('2024-10-31 19:00:00', 4779409);
INSERT INTO usage_amount_statistics (record_time, usage_amount) VALUES ('2024-10-31 20:00:00', 1704532);
INSERT INTO usage_amount_statistics (record_time, usage_amount) VALUES ('2024-10-31 21:00:00', 5563356);
INSERT INTO usage_amount_statistics (record_time, usage_amount) VALUES ('2024-10-31 22:00:00', 2821484);
INSERT INTO usage_amount_statistics (record_time, usage_amount) VALUES ('2024-10-31 23:00:00', 4901382);

-- Sales Amount Statistics Inserts
INSERT INTO sales_amount_statistics (record_time, sales_amount) VALUES ('2024-10-28 00:00:00', 5461947);
INSERT INTO sales_amount_statistics (record_time, sales_amount) VALUES ('2024-10-28 01:00:00', 6989537);
INSERT INTO sales_amount_statistics (record_time, sales_amount) VALUES ('2024-10-28 02:00:00', 12191856);
INSERT INTO sales_amount_statistics (record_time, sales_amount) VALUES ('2024-10-28 03:00:00', 17514374);
INSERT INTO sales_amount_statistics (record_time, sales_amount) VALUES ('2024-10-28 04:00:00', 18179615);
INSERT INTO sales_amount_statistics (record_time, sales_amount) VALUES ('2024-10-28 05:00:00', 19725785);
INSERT INTO sales_amount_statistics (record_time, sales_amount) VALUES ('2024-10-28 06:00:00', 28814643);
INSERT INTO sales_amount_statistics (record_time, sales_amount) VALUES ('2024-10-28 07:00:00', 36038998);
INSERT INTO sales_amount_statistics (record_time, sales_amount) VALUES ('2024-10-28 08:00:00', 41515679);
INSERT INTO sales_amount_statistics (record_time, sales_amount) VALUES ('2024-10-28 09:00:00', 44578686);
INSERT INTO sales_amount_statistics (record_time, sales_amount) VALUES ('2024-10-28 10:00:00', 50320710);
INSERT INTO sales_amount_statistics (record_time, sales_amount) VALUES ('2024-10-28 11:00:00', 57281857);
INSERT INTO sales_amount_statistics (record_time, sales_amount) VALUES ('2024-10-28 12:00:00', 57972528);
INSERT INTO sales_amount_statistics (record_time, sales_amount) VALUES ('2024-10-28 13:00:00', 62119236);
INSERT INTO sales_amount_statistics (record_time, sales_amount) VALUES ('2024-10-28 14:00:00', 70794410);
INSERT INTO sales_amount_statistics (record_time, sales_amount) VALUES ('2024-10-28 15:00:00', 71265667);
INSERT INTO sales_amount_statistics (record_time, sales_amount) VALUES ('2024-10-28 16:00:00', 78423503);
INSERT INTO sales_amount_statistics (record_time, sales_amount) VALUES ('2024-10-28 17:00:00', 86797071);
INSERT INTO sales_amount_statistics (record_time, sales_amount) VALUES ('2024-10-28 18:00:00', 89729674);
INSERT INTO sales_amount_statistics (record_time, sales_amount) VALUES ('2024-10-28 19:00:00', 95178293);
INSERT INTO sales_amount_statistics (record_time, sales_amount) VALUES ('2024-10-28 20:00:00', 104570175);
INSERT INTO sales_amount_statistics (record_time, sales_amount) VALUES ('2024-10-28 21:00:00', 108976131);
INSERT INTO sales_amount_statistics (record_time, sales_amount) VALUES ('2024-10-28 22:00:00', 114375944);
INSERT INTO sales_amount_statistics (record_time, sales_amount) VALUES ('2024-10-28 23:00:00', 123102471);
INSERT INTO sales_amount_statistics (record_time, sales_amount) VALUES ('2024-10-29 00:00:00', 127736041);
INSERT INTO sales_amount_statistics (record_time, sales_amount) VALUES ('2024-10-29 01:00:00', 136371088);
INSERT INTO sales_amount_statistics (record_time, sales_amount) VALUES ('2024-10-29 02:00:00', 137934605);
INSERT INTO sales_amount_statistics (record_time, sales_amount) VALUES ('2024-10-29 03:00:00', 144091181);
INSERT INTO sales_amount_statistics (record_time, sales_amount) VALUES ('2024-10-29 04:00:00', 151410425);
INSERT INTO sales_amount_statistics (record_time, sales_amount) VALUES ('2024-10-29 05:00:00', 152080091);
INSERT INTO sales_amount_statistics (record_time, sales_amount) VALUES ('2024-10-29 06:00:00', 157326207);
INSERT INTO sales_amount_statistics (record_time, sales_amount) VALUES ('2024-10-29 07:00:00', 158908317);
INSERT INTO sales_amount_statistics (record_time, sales_amount) VALUES ('2024-10-29 08:00:00', 168642905);
INSERT INTO sales_amount_statistics (record_time, sales_amount) VALUES ('2024-10-29 09:00:00', 174226386);
INSERT INTO sales_amount_statistics (record_time, sales_amount) VALUES ('2024-10-29 10:00:00', 182948130);
INSERT INTO sales_amount_statistics (record_time, sales_amount) VALUES ('2024-10-29 11:00:00', 185348913);
INSERT INTO sales_amount_statistics (record_time, sales_amount) VALUES ('2024-10-29 12:00:00', 194294685);
INSERT INTO sales_amount_statistics (record_time, sales_amount) VALUES ('2024-10-29 13:00:00', 198621509);
INSERT INTO sales_amount_statistics (record_time, sales_amount) VALUES ('2024-10-29 14:00:00', 203936758);
INSERT INTO sales_amount_statistics (record_time, sales_amount) VALUES ('2024-10-29 15:00:00', 208882929);
INSERT INTO sales_amount_statistics (record_time, sales_amount) VALUES ('2024-10-29 16:00:00', 216414066);
INSERT INTO sales_amount_statistics (record_time, sales_amount) VALUES ('2024-10-29 17:00:00', 216836287);
INSERT INTO sales_amount_statistics (record_time, sales_amount) VALUES ('2024-10-29 18:00:00', 224236812);
INSERT INTO sales_amount_statistics (record_time, sales_amount) VALUES ('2024-10-29 19:00:00', 232934378);
INSERT INTO sales_amount_statistics (record_time, sales_amount) VALUES ('2024-10-29 20:00:00', 237678669);
INSERT INTO sales_amount_statistics (record_time, sales_amount) VALUES ('2024-10-29 21:00:00', 242945747);
INSERT INTO sales_amount_statistics (record_time, sales_amount) VALUES ('2024-10-29 22:00:00', 243527179);
INSERT INTO sales_amount_statistics (record_time, sales_amount) VALUES ('2024-10-29 23:00:00', 244158059);
INSERT INTO sales_amount_statistics (record_time, sales_amount) VALUES ('2024-10-30 00:00:00', 251308991);
INSERT INTO sales_amount_statistics (record_time, sales_amount) VALUES ('2024-10-30 01:00:00', 255866834);
INSERT INTO sales_amount_statistics (record_time, sales_amount) VALUES ('2024-10-30 02:00:00', 264345294);
INSERT INTO sales_amount_statistics (record_time, sales_amount) VALUES ('2024-10-30 03:00:00', 271583221);
INSERT INTO sales_amount_statistics (record_time, sales_amount) VALUES ('2024-10-30 04:00:00', 272922326);
INSERT INTO sales_amount_statistics (record_time, sales_amount) VALUES ('2024-10-30 05:00:00', 279494746);
INSERT INTO sales_amount_statistics (record_time, sales_amount) VALUES ('2024-10-30 06:00:00', 280406814);
INSERT INTO sales_amount_statistics (record_time, sales_amount) VALUES ('2024-10-30 07:00:00', 286604050);
INSERT INTO sales_amount_statistics (record_time, sales_amount) VALUES ('2024-10-30 08:00:00', 289609692);
INSERT INTO sales_amount_statistics (record_time, sales_amount) VALUES ('2024-10-30 09:00:00', 295564947);
INSERT INTO sales_amount_statistics (record_time, sales_amount) VALUES ('2024-10-30 10:00:00', 300303780);
INSERT INTO sales_amount_statistics (record_time, sales_amount) VALUES ('2024-10-30 11:00:00', 301472988);
INSERT INTO sales_amount_statistics (record_time, sales_amount) VALUES ('2024-10-30 12:00:00', 310565853);
INSERT INTO sales_amount_statistics (record_time, sales_amount) VALUES ('2024-10-30 13:00:00', 316644537);
INSERT INTO sales_amount_statistics (record_time, sales_amount) VALUES ('2024-10-30 14:00:00', 323789949);
INSERT INTO sales_amount_statistics (record_time, sales_amount) VALUES ('2024-10-30 15:00:00', 333535345);
INSERT INTO sales_amount_statistics (record_time, sales_amount) VALUES ('2024-10-30 16:00:00', 340665230);
INSERT INTO sales_amount_statistics (record_time, sales_amount) VALUES ('2024-10-30 17:00:00', 344530900);
INSERT INTO sales_amount_statistics (record_time, sales_amount) VALUES ('2024-10-30 18:00:00', 345526709);
INSERT INTO sales_amount_statistics (record_time, sales_amount) VALUES ('2024-10-30 19:00:00', 348878705);
INSERT INTO sales_amount_statistics (record_time, sales_amount) VALUES ('2024-10-30 20:00:00', 356765231);
INSERT INTO sales_amount_statistics (record_time, sales_amount) VALUES ('2024-10-30 21:00:00', 362667473);
INSERT INTO sales_amount_statistics (record_time, sales_amount) VALUES ('2024-10-30 22:00:00', 363854738);
INSERT INTO sales_amount_statistics (record_time, sales_amount) VALUES ('2024-10-30 23:00:00', 371632168);
INSERT INTO sales_amount_statistics (record_time, sales_amount) VALUES ('2024-10-31 00:00:00', 373421210);
INSERT INTO sales_amount_statistics (record_time, sales_amount) VALUES ('2024-10-31 01:00:00', 381182574);
INSERT INTO sales_amount_statistics (record_time, sales_amount) VALUES ('2024-10-31 02:00:00', 385213051);
INSERT INTO sales_amount_statistics (record_time, sales_amount) VALUES ('2024-10-31 03:00:00', 390416959);
INSERT INTO sales_amount_statistics (record_time, sales_amount) VALUES ('2024-10-31 04:00:00', 392671834);
INSERT INTO sales_amount_statistics (record_time, sales_amount) VALUES ('2024-10-31 05:00:00', 398978774);
INSERT INTO sales_amount_statistics (record_time, sales_amount) VALUES ('2024-10-31 06:00:00', 406011645);
INSERT INTO sales_amount_statistics (record_time, sales_amount) VALUES ('2024-10-31 07:00:00', 407582404);
INSERT INTO sales_amount_statistics (record_time, sales_amount) VALUES ('2024-10-31 08:00:00', 417059965);
INSERT INTO sales_amount_statistics (record_time, sales_amount) VALUES ('2024-10-31 09:00:00', 425833893);
INSERT INTO sales_amount_statistics (record_time, sales_amount) VALUES ('2024-10-31 10:00:00', 428678156);
INSERT INTO sales_amount_statistics (record_time, sales_amount) VALUES ('2024-10-31 11:00:00', 432367624);
INSERT INTO sales_amount_statistics (record_time, sales_amount) VALUES ('2024-10-31 12:00:00', 439524303);
INSERT INTO sales_amount_statistics (record_time, sales_amount) VALUES ('2024-10-31 13:00:00', 449122463);
INSERT INTO sales_amount_statistics (record_time, sales_amount) VALUES ('2024-10-31 14:00:00', 450487416);
INSERT INTO sales_amount_statistics (record_time, sales_amount) VALUES ('2024-10-31 15:00:00', 458074010);
INSERT INTO sales_amount_statistics (record_time, sales_amount) VALUES ('2024-10-31 16:00:00', 459955448);
INSERT INTO sales_amount_statistics (record_time, sales_amount) VALUES ('2024-10-31 17:00:00', 462955335);
INSERT INTO sales_amount_statistics (record_time, sales_amount) VALUES ('2024-10-31 18:00:00', 471696066);
INSERT INTO sales_amount_statistics (record_time, sales_amount) VALUES ('2024-10-31 19:00:00', 475390629);
INSERT INTO sales_amount_statistics (record_time, sales_amount) VALUES ('2024-10-31 20:00:00', 482243765);
INSERT INTO sales_amount_statistics (record_time, sales_amount) VALUES ('2024-10-31 21:00:00', 490982320);
INSERT INTO sales_amount_statistics (record_time, sales_amount) VALUES ('2024-10-31 22:00:00', 498329301);
INSERT INTO sales_amount_statistics (record_time, sales_amount) VALUES ('2024-10-31 23:00:00', 502889046);

-- users id: test123 pw: 1234
INSERT INTO users (username, password) VALUES ('test123', '$2a$10$9qVKJ1xAZFCZN0243ltwd.hBd7I/US67LeQ2Z5cgjkLOeEgAKJqQ2');