INSERT INTO subscriber_statistics (record_time, subscriber_count) VALUES ('2024-10-28 00:00:00', 983);
INSERT INTO subscriber_statistics (record_time, subscriber_count) VALUES ('2024-10-28 01:00:00', 23);
INSERT INTO subscriber_statistics (record_time, subscriber_count) VALUES ('2024-10-28 02:00:00', 202);
INSERT INTO subscriber_statistics (record_time, subscriber_count) VALUES ('2024-10-28 03:00:00', 689);
INSERT INTO subscriber_statistics (record_time, subscriber_count) VALUES ('2024-10-28 04:00:00', 668);
INSERT INTO subscriber_statistics (record_time, subscriber_count) VALUES ('2024-10-28 05:00:00', 348);
INSERT INTO subscriber_statistics (record_time, subscriber_count) VALUES ('2024-10-28 06:00:00', 583);
INSERT INTO subscriber_statistics (record_time, subscriber_count) VALUES ('2024-10-28 07:00:00', 777);
INSERT INTO subscriber_statistics (record_time, subscriber_count) VALUES ('2024-10-28 08:00:00', 671);
INSERT INTO subscriber_statistics (record_time, subscriber_count) VALUES ('2024-10-28 09:00:00', 777);
INSERT INTO subscriber_statistics (record_time, subscriber_count) VALUES ('2024-10-28 10:00:00', 412);
INSERT INTO subscriber_statistics (record_time, subscriber_count) VALUES ('2024-10-28 11:00:00', 527);
INSERT INTO subscriber_statistics (record_time, subscriber_count) VALUES ('2024-10-28 12:00:00', 623);
INSERT INTO subscriber_statistics (record_time, subscriber_count) VALUES ('2024-10-28 13:00:00', 827);
INSERT INTO subscriber_statistics (record_time, subscriber_count) VALUES ('2024-10-28 14:00:00', 279);
INSERT INTO subscriber_statistics (record_time, subscriber_count) VALUES ('2024-10-28 15:00:00', 793);
INSERT INTO subscriber_statistics (record_time, subscriber_count) VALUES ('2024-10-28 16:00:00', 474);
INSERT INTO subscriber_statistics (record_time, subscriber_count) VALUES ('2024-10-28 17:00:00', 166);
INSERT INTO subscriber_statistics (record_time, subscriber_count) VALUES ('2024-10-28 18:00:00', 473);
INSERT INTO subscriber_statistics (record_time, subscriber_count) VALUES ('2024-10-28 19:00:00', 17);
INSERT INTO subscriber_statistics (record_time, subscriber_count) VALUES ('2024-10-28 20:00:00', 214);
INSERT INTO subscriber_statistics (record_time, subscriber_count) VALUES ('2024-10-28 21:00:00', 894);
INSERT INTO subscriber_statistics (record_time, subscriber_count) VALUES ('2024-10-28 22:00:00', 3);
INSERT INTO subscriber_statistics (record_time, subscriber_count) VALUES ('2024-10-28 23:00:00', 638);

INSERT INTO leaver_statistics (record_time, leaver_count) VALUES ('2024-10-28 00:00:00', 43);
INSERT INTO leaver_statistics (record_time, leaver_count) VALUES ('2024-10-28 01:00:00', 132);
INSERT INTO leaver_statistics (record_time, leaver_count) VALUES ('2024-10-28 02:00:00', 340);
INSERT INTO leaver_statistics (record_time, leaver_count) VALUES ('2024-10-28 03:00:00', 678);
INSERT INTO leaver_statistics (record_time, leaver_count) VALUES ('2024-10-28 04:00:00', 858);
INSERT INTO leaver_statistics (record_time, leaver_count) VALUES ('2024-10-28 05:00:00', 839);
INSERT INTO leaver_statistics (record_time, leaver_count) VALUES ('2024-10-28 06:00:00', 417);
INSERT INTO leaver_statistics (record_time, leaver_count) VALUES ('2024-10-28 07:00:00', 679);
INSERT INTO leaver_statistics (record_time, leaver_count) VALUES ('2024-10-28 08:00:00', 817);
INSERT INTO leaver_statistics (record_time, leaver_count) VALUES ('2024-10-28 09:00:00', 676);
INSERT INTO leaver_statistics (record_time, leaver_count) VALUES ('2024-10-28 10:00:00', 88);
INSERT INTO leaver_statistics (record_time, leaver_count) VALUES ('2024-10-28 11:00:00', 716);
INSERT INTO leaver_statistics (record_time, leaver_count) VALUES ('2024-10-28 12:00:00', 891);
INSERT INTO leaver_statistics (record_time, leaver_count) VALUES ('2024-10-28 13:00:00', 504);
INSERT INTO leaver_statistics (record_time, leaver_count) VALUES ('2024-10-28 14:00:00', 285);
INSERT INTO leaver_statistics (record_time, leaver_count) VALUES ('2024-10-28 15:00:00', 396);
INSERT INTO leaver_statistics (record_time, leaver_count) VALUES ('2024-10-28 16:00:00', 313);
INSERT INTO leaver_statistics (record_time, leaver_count) VALUES ('2024-10-28 17:00:00', 557);
INSERT INTO leaver_statistics (record_time, leaver_count) VALUES ('2024-10-28 18:00:00', 946);
INSERT INTO leaver_statistics (record_time, leaver_count) VALUES ('2024-10-28 19:00:00', 505);
INSERT INTO leaver_statistics (record_time, leaver_count) VALUES ('2024-10-28 20:00:00', 466);
INSERT INTO leaver_statistics (record_time, leaver_count) VALUES ('2024-10-28 21:00:00', 87);
INSERT INTO leaver_statistics (record_time, leaver_count) VALUES ('2024-10-28 22:00:00', 140);
INSERT INTO leaver_statistics (record_time, leaver_count) VALUES ('2024-10-28 23:00:00', 701);

INSERT INTO payment_amount_statistics (record_time, payment_amount) VALUES ('2024-10-28 00:00:00', 5461947);
INSERT INTO payment_amount_statistics (record_time, payment_amount) VALUES ('2024-10-28 01:00:00', 1527590);
INSERT INTO payment_amount_statistics (record_time, payment_amount) VALUES ('2024-10-28 02:00:00', 5202319);
INSERT INTO payment_amount_statistics (record_time, payment_amount) VALUES ('2024-10-28 03:00:00', 5322518);
INSERT INTO payment_amount_statistics (record_time, payment_amount) VALUES ('2024-10-28 04:00:00', 665241);
INSERT INTO payment_amount_statistics (record_time, payment_amount) VALUES ('2024-10-28 05:00:00', 1546170);
INSERT INTO payment_amount_statistics (record_time, payment_amount) VALUES ('2024-10-28 06:00:00', 9088858);
INSERT INTO payment_amount_statistics (record_time, payment_amount) VALUES ('2024-10-28 07:00:00', 7224355);
INSERT INTO payment_amount_statistics (record_time, payment_amount) VALUES ('2024-10-28 08:00:00', 5476681);
INSERT INTO payment_amount_statistics (record_time, payment_amount) VALUES ('2024-10-28 09:00:00', 3063007);
INSERT INTO payment_amount_statistics (record_time, payment_amount) VALUES ('2024-10-28 10:00:00', 5742024);
INSERT INTO payment_amount_statistics (record_time, payment_amount) VALUES ('2024-10-28 11:00:00', 6961147);
INSERT INTO payment_amount_statistics (record_time, payment_amount) VALUES ('2024-10-28 12:00:00', 690671);
INSERT INTO payment_amount_statistics (record_time, payment_amount) VALUES ('2024-10-28 13:00:00', 4146708);
INSERT INTO payment_amount_statistics (record_time, payment_amount) VALUES ('2024-10-28 14:00:00', 8675174);
INSERT INTO payment_amount_statistics (record_time, payment_amount) VALUES ('2024-10-28 15:00:00', 471257);
INSERT INTO payment_amount_statistics (record_time, payment_amount) VALUES ('2024-10-28 16:00:00', 7157836);
INSERT INTO payment_amount_statistics (record_time, payment_amount) VALUES ('2024-10-28 17:00:00', 8373568);
INSERT INTO payment_amount_statistics (record_time, payment_amount) VALUES ('2024-10-28 18:00:00', 2932603);
INSERT INTO payment_amount_statistics (record_time, payment_amount) VALUES ('2024-10-28 19:00:00', 5448619);
INSERT INTO payment_amount_statistics (record_time, payment_amount) VALUES ('2024-10-28 20:00:00', 9391882);
INSERT INTO payment_amount_statistics (record_time, payment_amount) VALUES ('2024-10-28 21:00:00', 4405956);
INSERT INTO payment_amount_statistics (record_time, payment_amount) VALUES ('2024-10-28 22:00:00', 5399813);
INSERT INTO payment_amount_statistics (record_time, payment_amount) VALUES ('2024-10-28 23:00:00', 8726527);

INSERT INTO usage_amount_statistics (record_time, usage_amount) VALUES ('2024-10-28 00:00:00', 9315981);
INSERT INTO usage_amount_statistics (record_time, usage_amount) VALUES ('2024-10-28 01:00:00', 87090);
INSERT INTO usage_amount_statistics (record_time, usage_amount) VALUES ('2024-10-28 02:00:00', 8208070);
INSERT INTO usage_amount_statistics (record_time, usage_amount) VALUES ('2024-10-28 03:00:00', 3025886);
INSERT INTO usage_amount_statistics (record_time, usage_amount) VALUES ('2024-10-28 04:00:00', 9277475);
INSERT INTO usage_amount_statistics (record_time, usage_amount) VALUES ('2024-10-28 05:00:00', 2704024);
INSERT INTO usage_amount_statistics (record_time, usage_amount) VALUES ('2024-10-28 06:00:00', 5101178);
INSERT INTO usage_amount_statistics (record_time, usage_amount) VALUES ('2024-10-28 07:00:00', 3866835);
INSERT INTO usage_amount_statistics (record_time, usage_amount) VALUES ('2024-10-28 08:00:00', 4026355);
INSERT INTO usage_amount_statistics (record_time, usage_amount) VALUES ('2024-10-28 09:00:00', 8231364);
INSERT INTO usage_amount_statistics (record_time, usage_amount) VALUES ('2024-10-28 10:00:00', 9150850);
INSERT INTO usage_amount_statistics (record_time, usage_amount) VALUES ('2024-10-28 11:00:00', 102488);
INSERT INTO usage_amount_statistics (record_time, usage_amount) VALUES ('2024-10-28 12:00:00', 8757010);
INSERT INTO usage_amount_statistics (record_time, usage_amount) VALUES ('2024-10-28 13:00:00', 84968);
INSERT INTO usage_amount_statistics (record_time, usage_amount) VALUES ('2024-10-28 14:00:00', 5878367);
INSERT INTO usage_amount_statistics (record_time, usage_amount) VALUES ('2024-10-28 15:00:00', 4625604);
INSERT INTO usage_amount_statistics (record_time, usage_amount) VALUES ('2024-10-28 16:00:00', 3325599);
INSERT INTO usage_amount_statistics (record_time, usage_amount) VALUES ('2024-10-28 17:00:00', 4726407);
INSERT INTO usage_amount_statistics (record_time, usage_amount) VALUES ('2024-10-28 18:00:00', 372436);
INSERT INTO usage_amount_statistics (record_time, usage_amount) VALUES ('2024-10-28 19:00:00', 4896551);
INSERT INTO usage_amount_statistics (record_time, usage_amount) VALUES ('2024-10-28 20:00:00', 4093155);
INSERT INTO usage_amount_statistics (record_time, usage_amount) VALUES ('2024-10-28 21:00:00', 8606774);
INSERT INTO usage_amount_statistics (record_time, usage_amount) VALUES ('2024-10-28 22:00:00', 4333479);
INSERT INTO usage_amount_statistics (record_time, usage_amount) VALUES ('2024-10-28 23:00:00', 9018106);

INSERT INTO sales_amount_statistics (record_time, sales_amount) VALUES ('2024-10-28 00:00:00', 5461947);
INSERT INTO sales_amount_statistics (record_time, sales_amount) VALUES ('2024-10-28 01:00:00', 6989537);
INSERT INTO sales_amount_statistics (record_time, sales_amount) VALUES ('2024-10-28 02:00:00', 12191856);
INSERT INTO sales_amount_statistics (record_time, sales_amount) VALUES ('2024-10-28 03:00:00', 17514374);
INSERT INTO sales_amount_statistics (record_time, sales_amount) VALUES ('2024-10-28 04:00:00', 18179615);
INSERT INTO sales_amount_statistics (record_time, sales_amount) VALUES ('2024-10-28 05:00:00', 19725785);
INSERT INTO sales_amount_statistics (record_time, sales_amount) VALUES ('2024-10-28 06:00:00', 28814643);
INSERT INTO sales_amount_statistics (record_time, sales_amount) VALUES ('2024-10-28 07:00:00', 36038998);
INSERT INTO sales_amount_statistics (record_time, sales_amount) VALUES ('2024-10-28 08:00:00', 41515679);
INSERT INTO sales_amount_statistics (record_time, sales_amount) VALUES ('2024-10-28 09:00:00', 44578686);
INSERT INTO sales_amount_statistics (record_time, sales_amount) VALUES ('2024-10-28 10:00:00', 50320710);
INSERT INTO sales_amount_statistics (record_time, sales_amount) VALUES ('2024-10-28 11:00:00', 57281857);
INSERT INTO sales_amount_statistics (record_time, sales_amount) VALUES ('2024-10-28 12:00:00', 57972528);
INSERT INTO sales_amount_statistics (record_time, sales_amount) VALUES ('2024-10-28 13:00:00', 62119236);
INSERT INTO sales_amount_statistics (record_time, sales_amount) VALUES ('2024-10-28 14:00:00', 70794410);
INSERT INTO sales_amount_statistics (record_time, sales_amount) VALUES ('2024-10-28 15:00:00', 71265667);
INSERT INTO sales_amount_statistics (record_time, sales_amount) VALUES ('2024-10-28 16:00:00', 78423503);
INSERT INTO sales_amount_statistics (record_time, sales_amount) VALUES ('2024-10-28 17:00:00', 86797071);
INSERT INTO sales_amount_statistics (record_time, sales_amount) VALUES ('2024-10-28 18:00:00', 89729674);
INSERT INTO sales_amount_statistics (record_time, sales_amount) VALUES ('2024-10-28 19:00:00', 95178293);
INSERT INTO sales_amount_statistics (record_time, sales_amount) VALUES ('2024-10-28 20:00:00', 104570175);
INSERT INTO sales_amount_statistics (record_time, sales_amount) VALUES ('2024-10-28 21:00:00', 108976131);
INSERT INTO sales_amount_statistics (record_time, sales_amount) VALUES ('2024-10-28 22:00:00', 114375944);
INSERT INTO sales_amount_statistics (record_time, sales_amount) VALUES ('2024-10-28 23:00:00', 123102471);