INSERT INTO subscriber_statistics (record_time, subscriber_count, delete_dt) VALUES ('2024-10-28 00:00:00', 983, null);
INSERT INTO subscriber_statistics (record_time, subscriber_count, delete_dt) VALUES ('2024-10-28 01:00:00', 23, null);
INSERT INTO subscriber_statistics (record_time, subscriber_count, delete_dt) VALUES ('2024-10-28 02:00:00', 202, null);
INSERT INTO subscriber_statistics (record_time, subscriber_count, delete_dt) VALUES ('2024-10-28 03:00:00', 689, null);
INSERT INTO subscriber_statistics (record_time, subscriber_count, delete_dt) VALUES ('2024-10-28 04:00:00', 668, null);
INSERT INTO subscriber_statistics (record_time, subscriber_count, delete_dt) VALUES ('2024-10-28 05:00:00', 348, null);
INSERT INTO subscriber_statistics (record_time, subscriber_count, delete_dt) VALUES ('2024-10-28 06:00:00', 583, null);
INSERT INTO subscriber_statistics (record_time, subscriber_count, delete_dt) VALUES ('2024-10-28 07:00:00', 777, null);
INSERT INTO subscriber_statistics (record_time, subscriber_count, delete_dt) VALUES ('2024-10-28 08:00:00', 671, null);
INSERT INTO subscriber_statistics (record_time, subscriber_count, delete_dt) VALUES ('2024-10-28 09:00:00', 777, null);
INSERT INTO subscriber_statistics (record_time, subscriber_count, delete_dt) VALUES ('2024-10-28 10:00:00', 412, null);
INSERT INTO subscriber_statistics (record_time, subscriber_count, delete_dt) VALUES ('2024-10-28 11:00:00', 527, null);
INSERT INTO subscriber_statistics (record_time, subscriber_count, delete_dt) VALUES ('2024-10-28 12:00:00', 623, null);
INSERT INTO subscriber_statistics (record_time, subscriber_count, delete_dt) VALUES ('2024-10-28 13:00:00', 827, null);
INSERT INTO subscriber_statistics (record_time, subscriber_count, delete_dt) VALUES ('2024-10-28 14:00:00', 279, null);
INSERT INTO subscriber_statistics (record_time, subscriber_count, delete_dt) VALUES ('2024-10-28 15:00:00', 793, null);
INSERT INTO subscriber_statistics (record_time, subscriber_count, delete_dt) VALUES ('2024-10-28 16:00:00', 474, null);
INSERT INTO subscriber_statistics (record_time, subscriber_count, delete_dt) VALUES ('2024-10-28 17:00:00', 166, null);
INSERT INTO subscriber_statistics (record_time, subscriber_count, delete_dt) VALUES ('2024-10-28 18:00:00', 473, null);
INSERT INTO subscriber_statistics (record_time, subscriber_count, delete_dt) VALUES ('2024-10-28 19:00:00', 17, null);
INSERT INTO subscriber_statistics (record_time, subscriber_count, delete_dt) VALUES ('2024-10-28 20:00:00', 214, null);
INSERT INTO subscriber_statistics (record_time, subscriber_count, delete_dt) VALUES ('2024-10-28 21:00:00', 894, null);
INSERT INTO subscriber_statistics (record_time, subscriber_count, delete_dt) VALUES ('2024-10-28 22:00:00', 3, null);
INSERT INTO subscriber_statistics (record_time, subscriber_count, delete_dt) VALUES ('2024-10-28 23:00:00', 638, null);

INSERT INTO leaver_statistics (record_time, leaver_count, delete_dt) VALUES ('2024-10-28 00:00:00', 43, null);
INSERT INTO leaver_statistics (record_time, leaver_count, delete_dt) VALUES ('2024-10-28 01:00:00', 132, null);
INSERT INTO leaver_statistics (record_time, leaver_count, delete_dt) VALUES ('2024-10-28 02:00:00', 340, null);
INSERT INTO leaver_statistics (record_time, leaver_count, delete_dt) VALUES ('2024-10-28 03:00:00', 678, null);
INSERT INTO leaver_statistics (record_time, leaver_count, delete_dt) VALUES ('2024-10-28 04:00:00', 858, null);
INSERT INTO leaver_statistics (record_time, leaver_count, delete_dt) VALUES ('2024-10-28 05:00:00', 839, null);
INSERT INTO leaver_statistics (record_time, leaver_count, delete_dt) VALUES ('2024-10-28 06:00:00', 417, null);
INSERT INTO leaver_statistics (record_time, leaver_count, delete_dt) VALUES ('2024-10-28 07:00:00', 679, null);
INSERT INTO leaver_statistics (record_time, leaver_count, delete_dt) VALUES ('2024-10-28 08:00:00', 817, null);
INSERT INTO leaver_statistics (record_time, leaver_count, delete_dt) VALUES ('2024-10-28 09:00:00', 676, null);
INSERT INTO leaver_statistics (record_time, leaver_count, delete_dt) VALUES ('2024-10-28 10:00:00', 88, null);
INSERT INTO leaver_statistics (record_time, leaver_count, delete_dt) VALUES ('2024-10-28 11:00:00', 716, null);
INSERT INTO leaver_statistics (record_time, leaver_count, delete_dt) VALUES ('2024-10-28 12:00:00', 891, null);
INSERT INTO leaver_statistics (record_time, leaver_count, delete_dt) VALUES ('2024-10-28 13:00:00', 504, null);
INSERT INTO leaver_statistics (record_time, leaver_count, delete_dt) VALUES ('2024-10-28 14:00:00', 285, null);
INSERT INTO leaver_statistics (record_time, leaver_count, delete_dt) VALUES ('2024-10-28 15:00:00', 396, null);
INSERT INTO leaver_statistics (record_time, leaver_count, delete_dt) VALUES ('2024-10-28 16:00:00', 313, null);
INSERT INTO leaver_statistics (record_time, leaver_count, delete_dt) VALUES ('2024-10-28 17:00:00', 557, null);
INSERT INTO leaver_statistics (record_time, leaver_count, delete_dt) VALUES ('2024-10-28 18:00:00', 946, null);
INSERT INTO leaver_statistics (record_time, leaver_count, delete_dt) VALUES ('2024-10-28 19:00:00', 505, null);
INSERT INTO leaver_statistics (record_time, leaver_count, delete_dt) VALUES ('2024-10-28 20:00:00', 466, null);
INSERT INTO leaver_statistics (record_time, leaver_count, delete_dt) VALUES ('2024-10-28 21:00:00', 87, null);
INSERT INTO leaver_statistics (record_time, leaver_count, delete_dt) VALUES ('2024-10-28 22:00:00', 140, null);
INSERT INTO leaver_statistics (record_time, leaver_count, delete_dt) VALUES ('2024-10-28 23:00:00', 701, null);

INSERT INTO payment_amount_statistics (record_time, payment_amount, delete_dt) VALUES ('2024-10-28 00:00:00', 5461947,
                                                                       null);
INSERT INTO payment_amount_statistics (record_time, payment_amount, delete_dt) VALUES ('2024-10-28 01:00:00', 1527590,
                                                                       null);
INSERT INTO payment_amount_statistics (record_time, payment_amount, delete_dt) VALUES ('2024-10-28 02:00:00', 5202319,
                                                                       null);
INSERT INTO payment_amount_statistics (record_time, payment_amount, delete_dt) VALUES ('2024-10-28 03:00:00', 5322518,
                                                                       null);
INSERT INTO payment_amount_statistics (record_time, payment_amount, delete_dt) VALUES ('2024-10-28 04:00:00', 665241,
                                                                       null);
INSERT INTO payment_amount_statistics (record_time, payment_amount, delete_dt) VALUES ('2024-10-28 05:00:00', 1546170,
                                                                       null);
INSERT INTO payment_amount_statistics (record_time, payment_amount, delete_dt) VALUES ('2024-10-28 06:00:00', 9088858,
                                                                       null);
INSERT INTO payment_amount_statistics (record_time, payment_amount, delete_dt) VALUES ('2024-10-28 07:00:00', 7224355,
                                                                       null);
INSERT INTO payment_amount_statistics (record_time, payment_amount, delete_dt) VALUES ('2024-10-28 08:00:00', 5476681,
                                                                       null);
INSERT INTO payment_amount_statistics (record_time, payment_amount, delete_dt) VALUES ('2024-10-28 09:00:00', 3063007,
                                                                       null);
INSERT INTO payment_amount_statistics (record_time, payment_amount, delete_dt) VALUES ('2024-10-28 10:00:00', 5742024,
                                                                       null);
INSERT INTO payment_amount_statistics (record_time, payment_amount, delete_dt) VALUES ('2024-10-28 11:00:00', 6961147,
                                                                       null);
INSERT INTO payment_amount_statistics (record_time, payment_amount, delete_dt) VALUES ('2024-10-28 12:00:00', 690671,
                                                                       null);
INSERT INTO payment_amount_statistics (record_time, payment_amount, delete_dt) VALUES ('2024-10-28 13:00:00', 4146708,
                                                                       null);
INSERT INTO payment_amount_statistics (record_time, payment_amount, delete_dt) VALUES ('2024-10-28 14:00:00', 8675174,
                                                                       null);
INSERT INTO payment_amount_statistics (record_time, payment_amount, delete_dt) VALUES ('2024-10-28 15:00:00', 471257,
                                                                       null);
INSERT INTO payment_amount_statistics (record_time, payment_amount, delete_dt) VALUES ('2024-10-28 16:00:00', 7157836,
                                                                       null);
INSERT INTO payment_amount_statistics (record_time, payment_amount, delete_dt) VALUES ('2024-10-28 17:00:00', 8373568,
                                                                       null);
INSERT INTO payment_amount_statistics (record_time, payment_amount, delete_dt) VALUES ('2024-10-28 18:00:00', 2932603,
                                                                       null);
INSERT INTO payment_amount_statistics (record_time, payment_amount, delete_dt) VALUES ('2024-10-28 19:00:00', 5448619,
                                                                       null);
INSERT INTO payment_amount_statistics (record_time, payment_amount, delete_dt) VALUES ('2024-10-28 20:00:00', 9391882,
                                                                       null);
INSERT INTO payment_amount_statistics (record_time, payment_amount, delete_dt) VALUES ('2024-10-28 21:00:00', 4405956,
                                                                       null);
INSERT INTO payment_amount_statistics (record_time, payment_amount, delete_dt) VALUES ('2024-10-28 22:00:00', 5399813,
                                                                       null);
INSERT INTO payment_amount_statistics (record_time, payment_amount, delete_dt) VALUES ('2024-10-28 23:00:00', 8726527,
                                                                       null);

INSERT INTO usage_amount_statistics (record_time, usage_amount, delete_dt) VALUES ('2024-10-28 00:00:00', 9315981, null);
INSERT INTO usage_amount_statistics (record_time, usage_amount, delete_dt) VALUES ('2024-10-28 01:00:00', 87090, null);
INSERT INTO usage_amount_statistics (record_time, usage_amount, delete_dt) VALUES ('2024-10-28 02:00:00', 8208070, null);
INSERT INTO usage_amount_statistics (record_time, usage_amount, delete_dt) VALUES ('2024-10-28 03:00:00', 3025886, null);
INSERT INTO usage_amount_statistics (record_time, usage_amount, delete_dt) VALUES ('2024-10-28 04:00:00', 9277475, null);
INSERT INTO usage_amount_statistics (record_time, usage_amount, delete_dt) VALUES ('2024-10-28 05:00:00', 2704024, null);
INSERT INTO usage_amount_statistics (record_time, usage_amount, delete_dt) VALUES ('2024-10-28 06:00:00', 5101178, null);
INSERT INTO usage_amount_statistics (record_time, usage_amount, delete_dt) VALUES ('2024-10-28 07:00:00', 3866835, null);
INSERT INTO usage_amount_statistics (record_time, usage_amount, delete_dt) VALUES ('2024-10-28 08:00:00', 4026355, null);
INSERT INTO usage_amount_statistics (record_time, usage_amount, delete_dt) VALUES ('2024-10-28 09:00:00', 8231364, null);
INSERT INTO usage_amount_statistics (record_time, usage_amount, delete_dt) VALUES ('2024-10-28 10:00:00', 9150850, null);
INSERT INTO usage_amount_statistics (record_time, usage_amount, delete_dt) VALUES ('2024-10-28 11:00:00', 102488, null);
INSERT INTO usage_amount_statistics (record_time, usage_amount, delete_dt) VALUES ('2024-10-28 12:00:00', 8757010, null);
INSERT INTO usage_amount_statistics (record_time, usage_amount, delete_dt) VALUES ('2024-10-28 13:00:00', 84968, null);
INSERT INTO usage_amount_statistics (record_time, usage_amount, delete_dt) VALUES ('2024-10-28 14:00:00', 5878367, null);
INSERT INTO usage_amount_statistics (record_time, usage_amount, delete_dt) VALUES ('2024-10-28 15:00:00', 4625604, null);
INSERT INTO usage_amount_statistics (record_time, usage_amount, delete_dt) VALUES ('2024-10-28 16:00:00', 3325599, null);
INSERT INTO usage_amount_statistics (record_time, usage_amount, delete_dt) VALUES ('2024-10-28 17:00:00', 4726407, null);
INSERT INTO usage_amount_statistics (record_time, usage_amount, delete_dt) VALUES ('2024-10-28 18:00:00', 372436, null);
INSERT INTO usage_amount_statistics (record_time, usage_amount, delete_dt) VALUES ('2024-10-28 19:00:00', 4896551, null);
INSERT INTO usage_amount_statistics (record_time, usage_amount, delete_dt) VALUES ('2024-10-28 20:00:00', 4093155, null);
INSERT INTO usage_amount_statistics (record_time, usage_amount, delete_dt) VALUES ('2024-10-28 21:00:00', 8606774, null);
INSERT INTO usage_amount_statistics (record_time, usage_amount, delete_dt) VALUES ('2024-10-28 22:00:00', 4333479, null);
INSERT INTO usage_amount_statistics (record_time, usage_amount, delete_dt) VALUES ('2024-10-28 23:00:00', 9018106, null);

INSERT INTO sales_amount_statistics (record_time, sales_amount, delete_dt) VALUES ('2024-10-28 00:00:00', 5461947, null);
INSERT INTO sales_amount_statistics (record_time, sales_amount, delete_dt) VALUES ('2024-10-28 01:00:00', 6989537, null);
INSERT INTO sales_amount_statistics (record_time, sales_amount, delete_dt) VALUES ('2024-10-28 02:00:00', 12191856, null);
INSERT INTO sales_amount_statistics (record_time, sales_amount, delete_dt) VALUES ('2024-10-28 03:00:00', 17514374, null);
INSERT INTO sales_amount_statistics (record_time, sales_amount, delete_dt) VALUES ('2024-10-28 04:00:00', 18179615, null);
INSERT INTO sales_amount_statistics (record_time, sales_amount, delete_dt) VALUES ('2024-10-28 05:00:00', 19725785, null);
INSERT INTO sales_amount_statistics (record_time, sales_amount, delete_dt) VALUES ('2024-10-28 06:00:00', 28814643, null);
INSERT INTO sales_amount_statistics (record_time, sales_amount, delete_dt) VALUES ('2024-10-28 07:00:00', 36038998, null);
INSERT INTO sales_amount_statistics (record_time, sales_amount, delete_dt) VALUES ('2024-10-28 08:00:00', 41515679, null);
INSERT INTO sales_amount_statistics (record_time, sales_amount, delete_dt) VALUES ('2024-10-28 09:00:00', 44578686, null);
INSERT INTO sales_amount_statistics (record_time, sales_amount, delete_dt) VALUES ('2024-10-28 10:00:00', 50320710, null);
INSERT INTO sales_amount_statistics (record_time, sales_amount, delete_dt) VALUES ('2024-10-28 11:00:00', 57281857, null);
INSERT INTO sales_amount_statistics (record_time, sales_amount, delete_dt) VALUES ('2024-10-28 12:00:00', 57972528, null);
INSERT INTO sales_amount_statistics (record_time, sales_amount, delete_dt) VALUES ('2024-10-28 13:00:00', 62119236, null);
INSERT INTO sales_amount_statistics (record_time, sales_amount, delete_dt) VALUES ('2024-10-28 14:00:00', 70794410, null);
INSERT INTO sales_amount_statistics (record_time, sales_amount, delete_dt) VALUES ('2024-10-28 15:00:00', 71265667, null);
INSERT INTO sales_amount_statistics (record_time, sales_amount, delete_dt) VALUES ('2024-10-28 16:00:00', 78423503, null);
INSERT INTO sales_amount_statistics (record_time, sales_amount, delete_dt) VALUES ('2024-10-28 17:00:00', 86797071, null);
INSERT INTO sales_amount_statistics (record_time, sales_amount, delete_dt) VALUES ('2024-10-28 18:00:00', 89729674, null);
INSERT INTO sales_amount_statistics (record_time, sales_amount, delete_dt) VALUES ('2024-10-28 19:00:00', 95178293, null);
INSERT INTO sales_amount_statistics (record_time, sales_amount, delete_dt) VALUES ('2024-10-28 20:00:00', 104570175, null);
INSERT INTO sales_amount_statistics (record_time, sales_amount, delete_dt) VALUES ('2024-10-28 21:00:00', 108976131, null);
INSERT INTO sales_amount_statistics (record_time, sales_amount, delete_dt) VALUES ('2024-10-28 22:00:00', 114375944, null);
INSERT INTO sales_amount_statistics (record_time, sales_amount, delete_dt) VALUES ('2024-10-28 23:00:00', 123102471, null);